insert into up_LitLab_author (ID, NAME) VALUES (1, 'Эмма Скотт'), (2, 'Маркус Зусак'), (3, 'Робин Хобб'), (4, 'Джон Фаулз'), (5, 'Керри Манискалко'), (6, 'Уильям Шекспир'), (7, 'Аннетт Мари'), (8, 'Людмила Сарычева'), (9, 'Жюль Верн'), (10, 'Фрэнсис Скотт Фицджеральд'), (11, 'Донато Карризи'), (12, 'Мэри Шелли'), (13, 'Карлос Руис Сафон'), (14, 'Сара Дж. Маас'), (15, 'Брендон Сандерсон'), (16, 'Теодор Драйзер'), (17, 'Михаил Булгаков'), (18, 'Нил Гейман, Терри Пратчетт'), (19, 'Дебора Харкнесс'), (20, 'Марина Козинаки, Софи Авдюхина '), (21, 'Джон Р. Р. Толкин'), (22, 'Джон Маррс'), (23, 'Алексей Поляринов'), (24, 'Чарльз Диккенс'), (25, 'Аркадий и Борис Стругацкие'), (26, 'Холли Блэк'), (27, 'Роберт Хайнлайн'), (28, 'Джон Дуглас'), (29, 'Микита Франко'), (30, 'Евгений Водолазкин'), (31, 'Михаил Зыгарь'), (32, 'Джоанн Харрис'), (33, 'Жоэль Диккер'), (34, 'Диана Сеттерфилд'), (35, 'К. Дж. Сэнсом'), (36, 'Бром'), (37, 'Кевин Кван'), (38, 'Наталия Осояну'), (39, 'Курт Воннегут'), (40, 'Эдуард Успенский'), (41, 'Анджей Сапковский'), (42, 'Марина Степнова'), (43, 'Роберт Гэлбрейт'), (44, 'Сюзанна Кларк'), (45, 'Корнелия Функе'), (46, 'Джоан Роулинг'), (47, 'Айн Рэнд'), (48, 'Анна Джейн'), (49, 'Вячеслав Шишков'), (50, 'Кристина Старк'), (51, 'Хадзимэ Исаяма'), (52, 'Ирвин Уэлш'), (53, 'Льюис Кэрролл'), (54, 'Джейн Остин'), (55, 'Джулия Куин'), (56, 'Дэвид Митчелл'), (57, 'Ирвин Ялом'), (58, 'Иван Ефремов'), (59, 'Джосайя Бэнкрофт'), (60, 'Фёдор Достоевский'), (61, 'Томас Манн'), (62, 'Арчибалд Кронин'), (63, 'Наринэ Абгарян'), (64, 'Фредрик Бакман'), (65, 'Бекки Альберталли'), (66, 'Сьюзен Коллинз'), (67, 'Джек Лондон'), (68, 'Гузель Яхина'), (69, 'Михаил Шолохов'), (70, 'Дмитрий Глуховский'), (71, 'Масаси Кисимото'), (72, 'Ганс Христиан Андерсен'), (73, 'Джон Ирвинг'), (74, 'Дейл Карнеги'), (75, 'Бернар Вербер'), (76, 'Пенелопа Дуглас'), (77, 'Виктория Авеярд'), (78, 'Джонатан Страуд'), (79, 'Ася Лавринович'), (80, 'Агата Кристи'), (81, 'Клайв Стейплз Льюис'), (82, 'Александр Дюма'), (83, 'Рэй Брэдбери'), (84, 'Лия Арден'), (85, 'Редгрейн Лебовски'), (86, 'Марисса Мейер'), (87, 'Нора Сакавич'), (88, 'Стефани Майер'), (89, 'Джон Стейнбек'), (90, 'Джеймс Дэшнер'), (91, 'Сомерсет Моэм'), (92, 'Райчел Мид'), (93, 'Донна Тартт'), (94, 'Элизабет Гилберт'), (95, 'Виктор Гюго'), (96, 'Лев Толстой'), (97, 'Эрих Мария Ремарк'), (98, 'Герберт Уэллс'), (99, 'Ричард Руссо'), (100, 'Нил Шустерман'), (101, 'Дэн Симмонс'), (102, 'Владимир Набоков'), (103, 'Ю Несбё'), (104, 'Майк Омер'), (105, 'Герман Гессе'), (106, 'Люси Мод Монтгомери'), (107, 'Дэниел Киз'), (108, 'Терри Пратчетт'), (109, 'Кассандра Клэр'), (110, 'Хадзиме Исаяма'), (111, 'Нил Гейман'), (112, 'Артур Конан Дойл'), (113, 'Александр Пушкин'), (114, 'Керстин Гир'), (115, 'Ли Бардуго'), (116, 'Мона Кастен'), (117, 'Харуки Мураками'), (118, 'Нассим Талеб'), (119, 'Артур Хейли'), (120, 'Эрин Уатт'), (121, 'Стивен Фрай'), (122, 'Мара Вульф'), (123, 'Ренсом Риггз'), (124, 'Джордж Оруэлл'), (125, 'Стивен Кинг');
insert into up_LitLab_book_author(BOOK_ID, AUTHOR_ID) VALUES (1, 49), (2, 30), (3, 40), (4, 100), (5, 76), (6, 118), (7, 90), (8, 103), (9, 99), (10, 38), (11, 33), (12, 19), (13, 55), (14, 37), (15, 77), (16, 27), (17, 65), (18, 121), (19, 35), (20, 39), (21, 70), (22, 10), (23, 88), (24, 76), (25, 28), (26, 59), (27, 71), (28, 59), (29, 42), (30, 8), (31, 81), (32, 66), (33, 74), (34, 61), (35, 2), (36, 45), (37, 94), (38, 7), (39, 88), (40, 52), (41, 106), (42, 75), (43, 114), (44, 50), (45, 116), (46, 11), (47, 56), (48, 34), (49, 5), (50, 52), (51, 4), (52, 123), (53, 20), (54, 88), (55, 12), (56, 102), (57, 6), (58, 123), (59, 36), (60, 58), (61, 57), (62, 107), (63, 102), (64, 44), (65, 120), (66, 117), (67, 56), (68, 123), (69, 105), (70, 22), (71, 68), (72, 108), (73, 47), (74, 32), (75, 120), (76, 24), (77, 56), (78, 98), (79, 73), (80, 23), (81, 70), (82, 85), (83, 69), (84, 54), (85, 32), (86, 58), (87, 117), (88, 22), (89, 92), (90, 122), (91, 102), (92, 79), (93, 113), (94, 96), (95, 102), (96, 29), (97, 13), (98, 109), (99, 1), (100, 93), (101, 122), (102, 54), (103, 108), (104, 43), (105, 20), (106, 24), (107, 72), (108, 108), (109, 96), (110, 83), (111, 83), (112, 122), (113, 87), (114, 25), (115, 109), (116, 91), (117, 51), (118, 112), (119, 31), (120, 53), (121, 51), (122, 67), (123, 51), (124, 43), (125, 104), (126, 16), (127, 1), (128, 31), (129, 95), (130, 48), (131, 111), (132, 101), (133, 48), (134, 108), (135, 110), (136, 84), (137, 9), (138, 46), (139, 46), (140, 26), (141, 26), (142, 3), (143, 14), (144, 18), (145, 3), (146, 89), (147, 43), (148, 25), (149, 1), (150, 60), (151, 15), (152, 91), (153, 43), (154, 124), (155, 111), (156, 115), (157, 9), (158, 107), (159, 119), (160, 111), (161, 82), (162, 64), (163, 115), (164, 86), (165, 41), (166, 115), (167, 9), (168, 84), (169, 63), (170, 115), (171, 25), (172, 95), (173, 14), (174, 111), (175, 9), (176, 97), (177, 62), (178, 78), (179, 48), (180, 67), (181, 80), (182, 86), (183, 17), (184, 115), (185, 84), (186, 86), (187, 97), (188, 115), (189, 78), (190, 3), (191, 115), (192, 60), (193, 125), (194, 60), (195, 21), (196, 95);
insert into up_LitLab_genre (ID, TITLE) VALUES (1, 'Исторические приключения'), (2, 'Морские приключения'), (3, 'Криминология'), (4, 'Классическая проза'), (5, 'Реализм'), (6, 'Детективная фантастика'), (7, 'Киберпанк'), (8, 'Классические детективы'), (9, 'Зарубежные любовные романы'), (10, 'Книги про вампиров'), (11, 'Детская фантастика'), (12, 'Современная русская литература'), (13, 'Зарубежные детективы'), (14, 'Триллеры'), (15, 'Исторический роман'), (16, 'Буддизм'), (17, 'Исторические любовные романы'), (18, 'Книги для подростков'), (19, 'Классики психологии'), (20, 'Ужасы'), (21, 'Переговоры'), (22, 'Зарубежная драматургия'), (23, 'Зарубежная классика'), (24, 'История'), (25, 'Романтическое фэнтези'), (26, 'Книги о путешествиях'), (27, 'Фэнтези'), (28, 'Советская литература'), (29, 'Современные любовные романы'), (30, 'Религиозные тексты'), (31, 'Литература 20 века'), (32, 'Сказки'), (33, 'Классическая литература'), (34, 'Русская классика'), (35, 'Научная фантастика'), (36, 'Отечественная фантастика'), (37, 'Биографии и мемуары'), (38, 'Эротическая литература'), (39, 'Зарубежная литература'), (40, 'Современные детективы'), (41, 'Русское фэнтези'), (42, 'История России'), (43, 'Криминалистика'), (44, 'Современная зарубежная литература'), (45, 'Отечественные любовные романы'), (46, 'Зарубежная фантастика'), (47, 'Зарубежное фэнтези'), (48, 'Практическая психология'), (49, 'Комиксы, манга, графические романы'), (50, 'Полицейские детективы'), (51, 'Приключения'), (52, 'Русская литература для детей'), (53, 'Магический реализм'), (54, 'Юмор и сатира'), (55, 'Юмористическое фэнтези'), (56, 'Мифы, легенды, эпос'), (57, 'Литература 19 века'), (58, 'Боевая фантастика'), (59, 'Ужасы, мистика'), (60, 'О психологии популярно'), (61, 'Политология'), (62, 'Современная проза'), (63, 'Городское фэнтези'), (64, 'Самосовершенствование'), (65, 'Зарубежные детские книги'), (66, 'Героическое фэнтези'), (67, 'Исторические детективы'), (68, 'Мистика'), (69, 'Юмористическая проза'), (70, 'Фантастика'), (71, 'Социальная фантастика');
insert into up_LitLab_genre_book (GENRE_ID, BOOK_ID) VALUES (34, 1), (28, 1), (12, 2), (62, 2), (52, 3), (11, 3), (46, 4), (62, 5), (9, 5), (64, 6), (71, 7), (46, 7), (13, 8), (40, 8), (69, 9), (62, 9), (41, 10), (44, 11), (62, 11), (10, 12), (47, 12), (17, 13), (9, 13), (54, 14), (62, 14), (47, 15), (18, 15), (35, 16), (71, 16), (18, 17), (62, 17), (56, 18), (67, 19), (33, 20), (46, 20), (71, 21), (58, 21), (4, 22), (23, 22), (10, 23), (25, 23), (9, 24), (29, 24), (43, 25), (3, 25), (47, 26), (49, 27), (46, 28), (47, 28), (12, 29), (5, 29), (21, 30), (23, 31), (71, 32), (46, 32), (19, 33), (60, 33), (23, 34), (4, 34), (44, 35), (18, 35), (47, 36), (37, 37), (26, 37), (47, 38), (10, 39), (44, 39), (23, 40), (23, 41), (18, 41), (46, 42), (1, 42), (29, 43), (9, 43), (45, 44), (9, 45), (29, 45), (14, 46), (13, 46), (44, 47), (62, 47), (68, 48), (44, 48), (67, 49), (13, 49), (50, 50), (44, 50), (1, 51), (23, 51), (59, 52), (47, 52), (18, 53), (27, 53), (47, 54), (25, 54), (59, 55), (4, 56), (31, 56), (22, 57), (23, 57), (47, 58), (18, 58), (59, 59), (47, 59), (36, 60), (35, 60), (48, 61), (39, 62), (31, 62), (31, 63), (4, 63), (44, 64), (47, 64), (9, 65), (18, 65), (39, 66), (5, 66), (44, 67), (71, 68), (46, 68), (4, 69), (23, 69), (14, 70), (13, 70), (12, 71), (15, 71), (39, 72), (47, 72), (23, 73), (4, 73), (44, 74), (53, 74), (29, 75), (44, 75), (4, 76), (23, 76), (1, 77), (44, 77), (46, 78), (57, 78), (44, 79), (31, 79), (36, 80), (12, 80), (36, 81), (41, 82), (34, 83), (28, 83), (9, 84), (23, 84), (62, 85), (44, 85), (35, 86), (36, 86), (44, 87), (14, 88), (46, 88), (68, 89), (10, 89), (47, 90), (18, 90), (34, 91), (4, 91), (29, 92), (34, 93), (33, 93), (34, 94), (33, 94), (31, 95), (12, 96), (18, 96), (59, 97), (46, 97), (27, 98), (18, 98), (9, 99), (44, 100), (47, 101), (57, 102), (17, 102), (27, 103), (47, 103), (13, 104), (40, 104), (41, 105), (4, 106), (23, 106), (32, 107), (65, 107), (55, 108), (31, 108), (4, 109), (34, 109), (46, 110), (71, 110), (39, 111), (23, 111), (47, 112), (18, 112), (44, 113), (39, 113), (70, 114), (71, 114), (47, 115), (18, 115), (4, 116), (31, 116), (49, 117), (46, 118), (23, 118), (24, 119), (42, 119), (65, 120), (23, 120), (49, 121), (46, 122), (35, 122), (49, 123), (70, 123), (13, 124), (40, 124), (14, 125), (13, 125), (4, 126), (31, 126), (38, 127), (42, 128), (61, 128), (23, 129), (4, 129), (14, 130), (18, 130), (65, 131), (20, 131), (46, 132), (35, 132), (18, 133), (45, 133), (55, 134), (47, 134), (49, 135), (27, 136), (41, 136), (23, 137), (2, 137), (39, 138), (5, 138), (39, 139), (32, 139), (18, 140), (47, 140), (47, 141), (44, 141), (66, 142), (47, 142), (47, 143), (18, 143), (55, 144), (47, 144), (66, 145), (47, 145), (4, 146), (23, 146), (40, 147), (13, 147), (36, 148), (6, 148), (29, 149), (4, 150), (34, 150), (47, 151), (44, 151), (4, 152), (31, 152), (13, 153), (40, 153), (46, 154), (23, 154), (32, 155), (56, 155), (18, 156), (47, 156), (35, 157), (46, 157), (44, 158), (39, 159), (23, 159), (63, 160), (47, 160), (1, 161), (33, 161), (62, 162), (44, 162), (14, 163), (47, 163), (18, 164), (46, 164), (66, 165), (47, 165), (27, 166), (18, 166), (46, 167), (35, 167), (36, 168), (62, 169), (12, 169), (47, 170), (18, 170), (36, 171), (71, 171), (4, 172), (23, 172), (47, 173), (63, 174), (47, 174), (23, 175), (51, 175), (4, 176), (31, 176), (31, 177), (4, 177), (18, 178), (47, 178), (29, 179), (45, 179), (23, 180), (31, 180), (13, 181), (8, 181), (46, 182), (7, 182), (34, 183), (68, 183), (66, 184), (47, 184), (41, 185), (46, 186), (18, 186), (23, 187), (4, 187), (27, 188), (18, 188), (47, 189), (68, 189), (47, 190), (66, 190), (47, 191), (18, 191), (34, 192), (4, 192), (39, 193), (31, 193), (4, 194), (34, 194), (47, 195), (23, 195), (4, 196), (57, 196);

insert into up_LitLab_bookshelf (CREATOR_ID, TITLE, DESCRIPTION, DATE_CREATED, DATE_UPDATED, STATUS)
values (1, 'Тестовая полка', 'Полка для тестов', '2023-04-14 14:42:13', '2023-04-14 14:42:13', 'public');

insert into up_LitLab_bookshelf_book (BOOKSHELF_ID, BOOK_ID, COMMENT)
VALUES (1, 1, 'интересно'),
       (1, 2, 'читать обязательно'),
       (1, 3, 'дада');

insert into up_LitLab_tag (TITLE)
values ('книги 2022');

insert into up_LitLab_tag_bookshelf (TAG_ID, BOOKSHELF_ID)
values (1, 1);